Model,MAE,WAPE_Percent,sMAPE_Percent
yhat_ridge,0.8814931833454539,15.6170820724575,16.232517537762714
yhat_naive,1.0987083333333334,19.465400912391694,20.239090416849812
